{
  "scratch": {
    "frequency": 0.919880823504556,
    "start_space": 0.8908834176997804,
    "pos_tag_CD": 0.7980272253305655,
    "pos_tag_IN": 0.874398602810177,
    "pos_tag_JJ": 0.728147784105033,
    "pos_tag_NN": 0.762551715571198,
    "pos_tag_NNP": 0.7937100851835053,
    "pos_tag_NNS": 0.8371340077858205,
    "pos_tag_RB": 0.837143284297214,
    "pos_tag_VB": 0.7793219220547554,
    "pos_tag_VBD": 0.8870887587412885,
    "pos_tag_VBG": 0.888963121931743,
    "pos_tag_VBN": 0.8664852551794607
  },
  "nested": {
    "frequency": 0.8446369951109578,
    "start_space": 0.7097996285154837,
    "pos_tag_CD": 0.6486386612406695,
    "pos_tag_IN": 0.6876157376934081,
    "pos_tag_JJ": 0.6114334919834918,
    "pos_tag_NN": 0.6352931340617481,
    "pos_tag_NNP": 0.6687902258099706,
    "pos_tag_NNS": 0.6818384985358139,
    "pos_tag_RB": 0.6520104688842497,
    "pos_tag_VB": 0.6808201811156754,
    "pos_tag_VBD": 0.7206061191986933,
    "pos_tag_VBG": 0.7204658986760555,
    "pos_tag_VBN": 0.6964728140538622
  },
  "flat": {
    "frequency": 0.8542071134482044,
    "start_space": 0.70067153850052,
    "pos_tag_CD": 0.6336088225904081,
    "pos_tag_IN": 0.8023169479476581,
    "pos_tag_JJ": 0.580792422193386,
    "pos_tag_NN": 0.6214216699097493,
    "pos_tag_NNP": 0.6501493725587012,
    "pos_tag_NNS": 0.6703118347077276,
    "pos_tag_RB": 0.6328500870905976,
    "pos_tag_VB": 0.6998865156684517,
    "pos_tag_VBD": 0.6944980130158908,
    "pos_tag_VBG": 0.7006467160007623,
    "pos_tag_VBN": 0.6804608317305711
  },
  "shuffle": {
    "frequency": 0.8459506062782223,
    "start_space": 0.701040788338286,
    "pos_tag_CD": 0.6240153823262158,
    "pos_tag_IN": 0.7324995831248957,
    "pos_tag_JJ": 0.6018966181746034,
    "pos_tag_NN": 0.6308097443037042,
    "pos_tag_NNP": 0.6308585907880861,
    "pos_tag_NNS": 0.6828526393004348,
    "pos_tag_RB": 0.6440831530578977,
    "pos_tag_VB": 0.7003506049476269,
    "pos_tag_VBD": 0.6759579163041247,
    "pos_tag_VBG": 0.7296128211177757,
    "pos_tag_VBN": 0.7157362372264338
  }
}